noosfero (1.3) wheezy-test; urgency=low

  * Noosfero 1.3 final release

 -- Antonio Terceiro <terceiro@colivre.coop.br>  Fri, 06 Nov 2015 09:19:34 -0300

noosfero (1.3~rc3) wheezy-test; urgency=low

  * Noosfero 1.3 RC3

 -- Antonio Terceiro <terceiro@colivre.coop.br>  Wed, 04 Nov 2015 12:44:22 -0300

noosfero (1.3~rc2) wheezy-test; urgency=low

  * Noosfero 1.3 RC2

 -- Antonio Terceiro <terceiro@softwarelivre.org>  Fri, 30 Oct 2015 15:57:14 -0300

noosfero (1.3~rc1) wheezy-test; urgency=medium

  * Noosfero 1.3 RC1

 -- Antonio Terceiro <terceiro@colivre.coop.br>  Fri, 09 Oct 2015 10:24:13 -0300

noosfero (1.2) wheezy; urgency=low

  * Noosfero 1.2

 -- Antonio Terceiro <terceiro@colivre.coop.br>  Fri, 07 Aug 2015 13:39:14 -0300

noosfero (1.2~rc2) wheezy; urgency=low

  * Noosfero 1.2 RC2

 -- Antonio Terceiro <terceiro@colivre.coop.br>  Mon, 27 Jul 2015 09:56:55 -0300

noosfero (1.2~rc1) wheezy; urgency=medium

  [ Joenio Costa ]
  * Build noosfero-chat package

  [ Antonio Terceiro ]
  * Noosfero 1.2 RC1

 -- Antonio Terceiro <terceiro@colivre.coop.br>  Mon, 13 Jul 2015 15:44:17 -0300

noosfero (1.1) wheezy; urgency=low

  * Noosfero 1.1 final release

 -- Antonio Terceiro <terceiro@colivre.coop.br>  Mon, 04 May 2015 18:47:35 -0300

noosfero (1.1~rc4) wheezy; urgency=medium

  * Fourth release candidate for Noosfero 1.1

 -- Antonio Terceiro <terceiro@debian.org>  Wed, 01 Apr 2015 12:22:36 -0300

noosfero (1.1~rc2) wheezy; urgency=low

  * Second release candidate for Noosfero 1.1

 -- Antonio Terceiro <terceiro@colivre.coop.br>  Mon, 09 Mar 2015 12:47:39 -0300

noosfero (1.1~rc1) wheezy; urgency=low

  * First release candidate for Noosfero 1.1

 -- Antonio Terceiro <terceiro@colivre.coop.br>  Thu, 05 Mar 2015 12:35:49 -0300

noosfero (1.0) wheezy; urgency=low

  * Noosfero 1.0 \o/

 -- Antonio Terceiro <terceiro@colivre.coop.br>  Mon, 22 Dec 2014 10:52:21 -0300

noosfero (1.0~rc4) wheezy-test; urgency=low

  * Fourth release candidate

 -- Antonio Terceiro <terceiro@colivre.coop.br>  Wed, 19 Nov 2014 10:31:16 -0300

noosfero (1.0~rc3) wheezy-test; urgency=low

  * Third release candidate to Noosfero 1.0

 -- Antonio Terceiro <terceiro@colivre.coop.br>  Fri, 12 Sep 2014 16:20:58 -0300

noosfero (1.0~rc2) wheezy-test; urgency=low

  * Second 1.0 release candidate

 -- Antonio Terceiro <terceiro@colivre.coop.br>  Fri, 12 Sep 2014 13:01:11 -0300

noosfero (1.0~rc1) wheezy-test; urgency=low

  * First 1.0 release candidate

 -- Rodrigo Souto <rodrigo@colivre.coop.br>  Fri, 15 Aug 2014 16:35:35 -0300

noosfero (0.99.0~rc20140618202455) wheezy-test; urgency=low

  * Another rc with rails3

 -- Rodrigo Souto <rodrigo@colivre.coop.br>  Wed, 18 Jun 2014 20:25:01 +0000

noosfero (0.47.5) unstable; urgency=low

  * Bugfixes release

 -- Daniela Soares Feitosa <daniela@colivre.coop.br>  Thu, 23 Oct 2014 02:24:14 +0000

noosfero (0.47.4) unstable; urgency=low

  * Bugfixes and performance optimizations

 -- Rodrigo Souto <rodrigo@colivre.coop.br>  Thu, 21 Aug 2014 19:25:37 +0000

noosfero (0.47.3) unstable; urgency=low

  * Bugfixes release

 -- Daniela Soares Feitosa <daniela@colivre.coop.br>  Fri, 20 Jun 2014 03:13:29 +0000

noosfero (0.47.2) unstable; urgency=low

  * Bugfix release

 -- Rodrigo Souto <rodrigo@colivre.coop.br>  Fri, 13 Jun 2014 15:19:28 +0000

noosfero (0.47.1) unstable; urgency=low

  * Bugfix release

 -- Rodrigo Souto <rodrigo@colivre.coop.br>  Mon, 05 May 2014 19:10:51 +0000

noosfero (0.47.0) unstable; urgency=low

  * New features release

 -- Rodrigo Souto <rodrigo@colivre.coop.br>  Tue, 22 Apr 2014 20:13:33 +0000

noosfero (0.47.0~rc3) squeeze-test; urgency=low

  * Memory leak fix, performance improvements and bugfixes

 -- Rodrigo Souto <rodrigo@colivre.coop.br>  Wed, 09 Apr 2014 19:01:34 +0000

noosfero (0.47.0~rc1) squeeze-test; urgency=low

  * New features Release Candidate 1

 -- Rodrigo Souto <rodrigo@colivre.coop.br>  Thu, 20 Mar 2014 20:26:45 +0000

noosfero (0.46.3) unstable; urgency=low

  * Bugfixes with package installation problem fixed

 -- Rodrigo Souto <rodrigo@colivre.coop.br>  Thu, 17 Apr 2014 14:31:25 +0000

noosfero (0.46.2) unstable; urgency=low

  * Bugfix release

 -- Rodrigo Souto <rodrigo@colivre.coop.br>  Wed, 19 Mar 2014 23:41:06 +0000

noosfero (0.46.1) unstable; urgency=low

  * Bugfixes release

 -- Daniela Soares Feitosa <daniela@colivre.coop.br>  Fri, 07 Mar 2014 10:33:11 +0000

noosfero (0.46.0) unstable; urgency=low

  * New features release

 -- Rodrigo Souto <rodrigo@colivre.coop.br>  Thu, 20 Feb 2014 17:56:14 -0300

noosfero (0.46.0~rc20140120171635) squeeze-test; urgency=low

  * 0.46.0 RC1

 -- Rodrigo Souto <rodrigo@colivre.coop.br>  Mon, 20 Jan 2014 17:16:45 +0000

noosfero (0.45.2) unstable; urgency=low

  * Small release with a critical bugfix

 -- Rodrigo Souto <rodrigo@colivre.coop.br>  Tue, 14 Jan 2014 13:25:18 +0000

noosfero (0.45.1) unstable; urgency=low

  * Bugfix release

 -- Rodrigo Souto <rodrigo@colivre.coop.br>  Tue, 07 Jan 2014 14:12:53 +0000

noosfero (0.45.0) unstable; urgency=low

  * New features release

 -- Rodrigo Souto <rodrigo@colivre.coop.br>  Tue, 10 Dec 2013 16:04:33 -0300

noosfero (0.45.0~rc20131202153818) squeeze-test; urgency=low

  * 0.45.0 RC2

 -- Rodrigo Souto <rodrigo@colivre.coop.br>  Mon, 02 Dec 2013 15:38:28 -0300

noosfero (0.44.6) unstable; urgency=low

  * 0.44.5 Addendum

 -- Rodrigo Souto <rodrigo@colivre.coop.br>  Wed, 27 Nov 2013 16:45:02 -0300

noosfero (0.44.5) unstable; urgency=low

  * Bugfix release

 -- Rodrigo Souto <rodrigo@colivre.coop.br>  Tue, 26 Nov 2013 17:39:39 -0300

noosfero (0.44.4) unstable; urgency=low

  * Bugfix release

 -- Rodrigo Souto <rodrigo@colivre.coop.br>  Mon, 07 Oct 2013 13:38:31 -0300

noosfero (0.44.3) unstable; urgency=low

  * Bugfixes release

 -- Rodrigo Souto <rodrigo@colivre.coop.br>  Wed, 14 Aug 2013 19:38:33 -0300

noosfero (0.44.2) unstable; urgency=low

  * Bugfixes release

 -- Rodrigo Souto <rodrigo@colivre.coop.br>  Tue, 30 Jul 2013 14:56:28 -0300

noosfero (0.44.1) unstable; urgency=low

  * Emergencial bugfix release

 -- Rodrigo Souto <rodrigo@ravioli>  Wed, 17 Jul 2013 03:45:15 -0300

noosfero (0.44.0) unstable; urgency=low

  * New features release

 -- Rodrigo Souto <rodrigo@colivre.coop.br>  Wed, 17 Jul 2013 02:19:44 -0300

noosfero (0.43.1) unstable; urgency=low

  * Bugfix release

 -- Rodrigo Souto <rodrigo@colivre.coop.br>  Wed, 17 Jul 2013 01:20:46 -0300

noosfero (0.43.0) unstable; urgency=low

  * Solr search converted to a plugin

 -- Rodrigo Souto <rodrigo@ravioli>  Tue, 18 Jun 2013 11:14:56 -0300

noosfero (0.43.0~rc20130529152434) squeeze-test; urgency=low

  * RC of 0.43.0 with solr as a plugin

 -- Rodrigo Souto <rodrigo@ravioli>  Wed, 29 May 2013 15:24:43 -0300

noosfero (0.42.1) unstable; urgency=low

  * Bugfixes release

 -- Rodrigo Souto <rodrigo@ravioli>  Mon, 20 May 2013 10:52:40 -0300

noosfero (0.42.0) unstable; urgency=low

  * Bumping to version 0.42.0

 -- Rodrigo Souto <rodrigo@ravioli>  Mon, 13 May 2013 13:50:43 -0300

noosfero (0.41.2) unstable; urgency=low

  * Bugfixes release 

 -- Rodrigo Souto <rodrigo@colivre.coop.br>  Wed, 17 Apr 2013 16:22:53 -0300

noosfero (0.41.1) unstable; urgency=low

  * Bugfixes release

 -- Rodrigo Souto <rodrigo@colivre.coop.br>  Fri, 08 Mar 2013 11:33:11 -0300

noosfero (0.41.0) unstable; urgency=low

  * Features version with anti spam-bot measures

 -- Rodrigo Souto <rodrigo@colivre.coop.br>  Mon, 28 Jan 2013 10:20:21 +0000

noosfero (0.40.0) unstable; urgency=low

  * Features version release 

 -- Rodrigo Souto <rodrigo@colivre.coop.br>  Sat, 19 Jan 2013 21:58:06 +0000

noosfero (0.39.3) unstable; urgency=low

  * Bugfixes release

 -- Rodrigo Souto <rodrigo@colivre.coop.br>  Sat, 19 Jan 2013 19:27:04 +0000

noosfero (0.39.2) unstable; urgency=low

  * Bugfixes release

 -- Rodrigo Souto <rodrigo@colivre.coop.br>  Sat, 12 Jan 2013 10:13:46 +0000

noosfero (0.39.1) unstable; urgency=low

  * Bugfixes release

 -- Daniela Soares Feitosa <daniela@colivre.coop.br>  Thu, 20 Dec 2012 15:47:55 -0200

noosfero (0.39.0) unstable; urgency=low

  * Features version release

 -- Daniela Soares Feitosa <daniela@colivre.coop.br>  Fri, 07 Dec 2012 09:53:42 -0200

noosfero (0.39.0~1) UNRELEASED; urgency=low

  * Pre-release to test the antispam mechanism.

 -- Antonio Terceiro <terceiro@debian.org>  Thu, 30 Aug 2012 14:55:10 -0300

noosfero (0.38.3) unstable; urgency=low

  * Bugfixes release

 -- Daniela Soares Feitosa <daniela@colivre.coop.br>  Wed, 07 Nov 2012 20:25:51 -0200

noosfero (0.38.2) unstable; urgency=low

  * Bugfixes release

 -- Antonio Terceiro <terceiro@colivre.coop.br>  Wed, 05 Sep 2012 10:07:58 -0300

noosfero (0.38.1) unstable; urgency=low

  * Bugfixes release

 -- Daniela Soares Feitosa <daniela@colivre.coop.br>  Sat, 18 Aug 2012 07:49:59 -0300

noosfero (0.38.0) unstable; urgency=low

  * Features version release

 -- Daniela Soares Feitosa <daniela@colivre.coop.br>  Tue, 31 Jul 2012 19:51:43 -0300

noosfero (0.37.0) unstable; urgency=low

  * Features version release

 -- Daniela Soares Feitosa <daniela@colivre.coop.br>  Tue, 05 Jun 2012 11:49:52 -0300

noosfero (0.36.6) unstable; urgency=low

  * Bugfixes release

 -- Daniela Soares Feitosa <daniela@colivre.coop.br>  Mon, 14 May 2012 22:05:26 -0300

noosfero (0.36.5) unstable; urgency=low

  * Bugfixes release

 -- Daniela Soares Feitosa <daniela@colivre.coop.br>  Thu, 26 Apr 2012 00:49:32 -0300

noosfero (0.36.4) unstable; urgency=low

  * Bugfix release

 -- Daniela Soares Feitosa <daniela@colivre.coop.br>  Sat, 21 Apr 2012 10:59:32 -0300

noosfero (0.36.3) unstable; urgency=low

  * Bugfixes release

 -- Daniela Soares Feitosa <daniela@colivre.coop.br>  Thu, 19 Apr 2012 22:33:13 -0300

noosfero (0.36.2) unstable; urgency=low

  * Bugfixes release

 -- Daniela Soares Feitosa <daniela@colivre.coop.br>  Thu, 05 Apr 2012 15:11:04 -0300

noosfero (0.36.1) unstable; urgency=low

  * Bug fix release

 -- Antonio Terceiro <terceiro@colivre.coop.br>  Wed, 14 Mar 2012 17:30:26 -0300

noosfero (0.36.0) unstable; urgency=low

  * Features version release

 -- Daniela Soares Feitosa <daniela@colivre.coop.br>  Tue, 13 Mar 2012 12:11:24 -0300

noosfero (0.36.0~3) unstable; urgency=low

  * Features version release.
  * From this release until we say otherwise, this package is designed for
    Debian 6 (Squeeze). Attempts to upgrade from 0.35.0 on Debian 5 (Lenny)
    without also upgrading the system to Debian 6 (Squeeze), as well as
    attemps to install this version on Debian 5 (Lenny), will probably fail
    miserably (YMMV, though).

 -- Antonio Terceiro <terceiro@colivre.coop.br>  Sun, 27 Nov 2011 14:11:33 -0200

noosfero (0.35.3) unstable; urgency=low

  * Bugfix release.

 -- Antonio Terceiro <terceiro@colivre.coop.br>  Wed, 07 Mar 2012 11:35:06 -0300

noosfero (0.35.2) unstable; urgency=low

  * Bugfixes version release

 -- Daniela Soares Feitosa <daniela@colivre.coop.br>  Fri, 02 Mar 2012 13:36:02 -0300

noosfero (0.35.2~1) unstable; urgency=low

  * Bugfixes version release
  * Added missing Build dependencies to build in a clean chroot: rake, rails,
    libferret-ruby, libwill-paginate-ruby, tango-icon-theme, rcov
  * Noosfero needs a functioning MTA: added dependency on exim4 |
    mail-transport-agent.
  * /usr/share/dbconfig-common/scripts/noosfero/install/pgsql: run db:migrate
    just after db:schema:load.
  * etc/init.d/noosfero: forward fix for the Lenny → Squeeze upgrade. In
    Squeeze, `rails` is an empty package that depends on rails-ruby1.8, but
    rails-ruby1.8 is only unpacked *after* noosfero prerm runs. This way, the
    initscript must be able to stop the services without any of the Rails
    libraries available.

 -- Antonio Terceiro <terceiro@colivre.coop.br>  Thu, 01 Mar 2012 14:37:15 -0300

noosfero (0.35.1) unstable; urgency=low

  * Bugfixes version release

 -- Daniela Soares Feitosa <daniela@colivre.coop.br>  Wed, 15 Feb 2012 17:17:48 -0200

noosfero (0.35.0) unstable; urgency=low

  * Features version release

 -- Daniela Soares Feitosa <daniela@colivre.coop.br>  Fri, 27 Jan 2012 02:43:42 -0200

noosfero (0.34.3) unstable; urgency=low

  * Bugfixes version release

 -- Daniela Soares Feitosa <daniela@colivre.coop.br>  Thu, 26 Jan 2012 14:11:22 -0200

noosfero (0.34.2) unstable; urgency=low

  * Bugfixes version release

 -- Daniela Soares Feitosa <daniela@colivre.coop.br>  Tue, 10 Jan 2012 20:48:42 -0200

noosfero (0.34.1) unstable; urgency=low

  * Bugfixes version release

 -- Daniela Soares Feitosa <daniela@colivre.coop.br>  Wed, 07 Dec 2011 00:52:59 -0200

noosfero (0.34.0) unstable; urgency=low

  * Features version release.

 -- Joenio Costa <joenio@colivre.coop.br>  Thu, 24 Nov 2011 13:07:12 -0200

noosfero (0.33.1) unstable; urgency=low

  * Bugfixes version release.

 -- Joenio Costa <joenio@perl.org.br>  Sun, 16 Oct 2011 15:34:25 -0300

noosfero (0.33.0) unstable; urgency=low

  * Features version release

 -- Joenio Costa <joenio@perl.org.br>  Mon, 10 Oct 2011 09:30:36 -0300

noosfero (0.32.1) unstable; urgency=low

  * Bugfix version release.

 -- Joenio Costa <joenio@perl.org.br>  Tue, 27 Sep 2011 11:24:07 -0300

noosfero (0.32.0) unstable; urgency=low

  * Features version release

 -- Daniela Soares Feitosa <daniela@colivre.coop.br>  Mon, 22 Aug 2011 19:17:40 -0300

noosfero (0.31.5) unstable; urgency=low

  * Bugfix version release

 -- Daniela Soares Feitosa <daniela@colivre.coop.br>  Mon, 15 Aug 2011 18:20:13 -0300

noosfero (0.31.4) unstable; urgency=low

  * Bugfix Version release

 -- Rodrigo Souto <rodrigo@colivre.coop.br>  Fri, 15 Jul 2011 16:40:05 -0300


noosfero (0.31.3) unstable; urgency=low

  * Bugfix Version release.

 -- Rodrigo <rodrigo@colivre.coop.br>  Thu, 16 Jun 2011 11:13:42 -0300

noosfero (0.31.2) unstable; urgency=low

  * Bugfix Version release.

 -- Rodrigo Souto <rodrigo@colivre.coop.br>  Fri, 03 Jun 2011 13:35:36 -0300

noosfero (0.31.1) unstable; urgency=low

  * Bugfix Version release.

 -- Rodrigo Souto <rodrigo@colivre.coop.br>  Fri, 27 May 2011 13:12:19 -0300

noosfero (0.31.0) unstable; urgency=low

  * Features Version release.

 -- Daniela Soares Feitosa <daniela@colivre.coop.br>  Thu, 12 May 2011 01:06:39 -0300

noosfero (0.30.2) unstable; urgency=low

  * Bugfix Version release.

 -- Joenio Costa <joenio@colivre.coop.br>  Wed, 11 May 2011 21:48:31 -0300

noosfero (0.30.1) unstable; urgency=low

  * Bugfix Version release.

 -- Joenio Costa <joenio@colivre.coop.br>  Thu, 14 Apr 2011 12:51:12 -0300

noosfero (0.30.0) unstable; urgency=low

  * Features Version release.

 -- Daniela Soares Feitosa <daniela@colivre.coop.br>  Tue, 12 Apr 2011 09:40:10 -0300

noosfero (0.29.5) unstable; urgency=low

  * Bugfix Version release. (Closes: AI#1961)

 -- Daniela Soares Feitosa <daniela@colivre.coop.br>  Fri, 25 Mar 2011 16:45:27 -0300

noosfero (0.29.4) unstable; urgency=low

  * Bugfixes Version release. (Closes: AI#1938 AI#1943 AI#1928 AI#1929 AI#1932 AI#1946 AI#1909 AI#1947 AI#1935 AI#1930 AI#1936 AI#1926 AI#1922)

 -- Joenio Costa <joenio@colivre.coop.br>  Thu, 24 Mar 2011 10:31:35 -0300

noosfero (0.29.3) unstable; urgency=low

  * Bugfixes Version release. (Closes: AI#1760 AI#1907 AI#1899 AI#1891 AI#1904 AI#1888 AI#1869 AI#1900 AI#1914)

 -- Joenio Costa <joenio@colivre.coop.br>  Fri, 11 Mar 2011 13:12:43 -0300

noosfero (0.29.2) unstable; urgency=low

  * Bugfixes Version release. (Closes: AI#1922)

 -- Joenio Costa <joenio@perl.org.br>  Wed, 02 Mar 2011 21:24:48 -0300

noosfero (0.29.1) unstable; urgency=low

  * Bugfixes Version release. (Closes: AI#1908)

 -- Daniela Soares Feitosa <daniela@colivre.coop.br>  Tue, 01 Mar 2011 17:01:37 -0300

noosfero (0.29.0) unstable; urgency=low

  * Features Version release.

 -- Daniela Soares Feitosa <daniela@colivre.coop.br>  Mon, 28 Feb 2011 17:58:38 -0300

noosfero (0.28.6) unstable; urgency=low

  * Bugfixes Version release. (Closes: AI#1874 AI#1890 AI#1893 AI#1871 AI#1884 AI#1892 AI#1882 AI#1883 AI#1896 AI#1875 AI#1895 AI#1879)

 -- Joenio Costa <joenio@perl.org.br>  Sun, 27 Feb 2011 23:56:51 -0300

noosfero (0.28.5) unstable; urgency=low

  * Bugfixes Version release. (Closes: AI#1867 AI#1866 AI#1870 AI#1854 AI#1851 AI#1810 AI#1889 AI#1868 AI#1855 AI#1887)

 -- Joenio Costa <joenio@perl.org.br>  Sun, 20 Feb 2011 12:13:25 -0300

noosfero (0.28.4) unstable; urgency=low

  * Bugfixes Version release. (Closes: AI#1865)

 -- Joenio Costa <joenio@perl.org.br>  Tue, 15 Feb 2011 20:44:24 -0300

noosfero (0.28.3) unstable; urgency=low

  * Bugfixes Version release. (Closes: AI#1837 AI#1857 AI#1656 AI#1750 AI#1846 AI#1853 AI#1841 AI#1847 AI#1812 AI#1858)

 -- Joenio Costa <joenio@perl.org.br>  Fri, 11 Feb 2011 22:54:24 -0300

noosfero (0.28.2) unstable; urgency=low

  * Bugfixes Version release.

 -- Joenio Costa <joenio@perl.org.br>  Thu, 03 Feb 2011 12:48:48 -0300

noosfero (0.28.1) unstable; urgency=low

  * Bugfixes Version release.

 -- Joenio Costa <joenio@perl.org.br>  Wed, 02 Feb 2011 22:34:35 -0300

noosfero (0.28.0) unstable; urgency=low

  * Initial Release.

 -- Antonio Terceiro <terceiro@softwarelivre.org>  Thu, 27 Jan 2011 09:49:08 -0300
